<?xml version="1.0" encoding="UTF-8"?>
<project-private xmlns="http://www.netbeans.org/ns/project-private/1">
    <editor-bookmarks xmlns="http://www.netbeans.org/ns/editor-bookmarks/1"/>
    <editor-bookmarks xmlns="http://www.netbeans.org/ns/editor-bookmarks/2" lastBookmarkId="0"/>
    <open-files xmlns="http://www.netbeans.org/ns/projectui-open-files/1">
        <file>file:/C:/Users/famous/Desktop/plantillas-sw04/OrdenCompraSincrona/src/purchaseOrder.xsd</file>
        <file>file:/C:/Users/famous/Desktop/plantillas-sw04/OrdenCompraSincrona/src/InventoryService.wsdl</file>
        <file>file:/C:/Users/famous/Desktop/plantillas-sw04/OrdenCompraSincrona/src/inventory.xsd</file>
        <file>file:/C:/Users/famous/Desktop/plantillas-sw04/OrdenCompraSincrona/src/POService.wsdl</file>
        <file>file:/C:/Users/famous/Desktop/plantillas-sw04/OrdenCompraSincrona/src/POService.bpel</file>
    </open-files>
</project-private>
