<?xml version="1.0" encoding="UTF-8" standalone="no"?>
<jbi xmlns="http://java.sun.com/xml/ns/jbi" xmlns:xsi="http://www.w3.org/2001/XMLSchema-instance" version="1.0" xsi:schemaLocation="http://java.sun.com/xml/ns/jbi ./jbi.xsd">
    <service-assembly>
        <identification>
            <name>SynchronousApplication</name>
            <description>Represents the Service Assembly of SynchronousApplication</description>
        </identification>
        <service-unit>
            <identification>
                <name>SynchronousApplication-sun-http-binding</name>
                <description>Represents this Service Unit</description>
            </identification>
            <target>
                <artifacts-zip>sun-http-binding.jar</artifacts-zip>
                <component-name>sun-http-binding</component-name>
            </target>
        </service-unit>
        <service-unit>
            <identification>
                <name>SynchronousApplication-sun-file-binding</name>
                <description>Represents this Service Unit</description>
            </identification>
            <target>
                <artifacts-zip>sun-file-binding.jar</artifacts-zip>
                <component-name>sun-file-binding</component-name>
            </target>
        </service-unit>
        <service-unit>
            <identification>
                <name>SynchronousApplication-sun-hl7-binding</name>
                <description>Represents this Service Unit</description>
            </identification>
            <target>
                <artifacts-zip>sun-hl7-binding.jar</artifacts-zip>
                <component-name>sun-hl7-binding</component-name>
            </target>
        </service-unit>
        <service-unit>
            <identification>
                <name>SynchronousApplication-sun-scheduler-binding</name>
                <description>Represents this Service Unit</description>
            </identification>
            <target>
                <artifacts-zip>sun-scheduler-binding.jar</artifacts-zip>
                <component-name>sun-scheduler-binding</component-name>
            </target>
        </service-unit>
        <service-unit>
            <identification>
                <name>SynchronousApplication-sun-jms-binding</name>
                <description>Represents this Service Unit</description>
            </identification>
            <target>
                <artifacts-zip>sun-jms-binding.jar</artifacts-zip>
                <component-name>sun-jms-binding</component-name>
            </target>
        </service-unit>
        <service-unit>
            <identification>
                <name>SynchronousApplication-sun-snmp-binding</name>
                <description>Represents this Service Unit</description>
            </identification>
            <target>
                <artifacts-zip>sun-snmp-binding.jar</artifacts-zip>
                <component-name>sun-snmp-binding</component-name>
            </target>
        </service-unit>
        <service-unit>
            <identification>
                <name>SynchronousApplication-sun-email-binding</name>
                <description>Represents this Service Unit</description>
            </identification>
            <target>
                <artifacts-zip>sun-email-binding.jar</artifacts-zip>
                <component-name>sun-email-binding</component-name>
            </target>
        </service-unit>
        <service-unit>
            <identification>
                <name>SynchronousApplication-sun-database-binding</name>
                <description>Represents this Service Unit</description>
            </identification>
            <target>
                <artifacts-zip>sun-database-binding.jar</artifacts-zip>
                <component-name>sun-database-binding</component-name>
            </target>
        </service-unit>
        <service-unit>
            <identification>
                <name>SynchronousApplication-sun-smtp-binding</name>
                <description>Represents this Service Unit</description>
            </identification>
            <target>
                <artifacts-zip>sun-smtp-binding.jar</artifacts-zip>
                <component-name>sun-smtp-binding</component-name>
            </target>
        </service-unit>
        <service-unit>
            <identification>
                <name>SynchronousApplication-sun-ims-binding</name>
                <description>Represents this Service Unit</description>
            </identification>
            <target>
                <artifacts-zip>sun-ims-binding.jar</artifacts-zip>
                <component-name>sun-ims-binding</component-name>
            </target>
        </service-unit>
        <service-unit>
            <identification>
                <name>SynchronousApplication-sun-ftp-binding</name>
                <description>Represents this Service Unit</description>
            </identification>
            <target>
                <artifacts-zip>sun-ftp-binding.jar</artifacts-zip>
                <component-name>sun-ftp-binding</component-name>
            </target>
        </service-unit>
        <service-unit>
            <identification>
                <name>SynchronousApplication-sun-webspheremq-binding</name>
                <description>Represents this Service Unit</description>
            </identification>
            <target>
                <artifacts-zip>sun-webspheremq-binding.jar</artifacts-zip>
                <component-name>sun-webspheremq-binding</component-name>
            </target>
        </service-unit>
        <service-unit>
            <identification>
                <name>SynchronousApplication-jbi4cics</name>
                <description>Represents this Service Unit</description>
            </identification>
            <target>
                <artifacts-zip>jbi4cics.jar</artifacts-zip>
                <component-name>jbi4cics</component-name>
            </target>
        </service-unit>
        <service-unit>
            <identification>
                <name>SynchronousApplication-jbi4ejb</name>
                <description>Represents this Service Unit</description>
            </identification>
            <target>
                <artifacts-zip>jbi4ejb.jar</artifacts-zip>
                <component-name>jbi4ejb</component-name>
            </target>
        </service-unit>
        <service-unit>
            <identification>
                <name>SynchronousApplication-sun-ldap-binding</name>
                <description>Represents this Service Unit</description>
            </identification>
            <target>
                <artifacts-zip>sun-ldap-binding.jar</artifacts-zip>
                <component-name>sun-ldap-binding</component-name>
            </target>
        </service-unit>
        <service-unit>
            <identification>
                <name>SynchronousApplication-jbi4corba</name>
                <description>Represents this Service Unit</description>
            </identification>
            <target>
                <artifacts-zip>jbi4corba.jar</artifacts-zip>
                <component-name>jbi4corba</component-name>
            </target>
        </service-unit>
        <service-unit>
            <identification>
                <name>SynchronousApplication-sun-rest-binding</name>
                <description>Represents this Service Unit</description>
            </identification>
            <target>
                <artifacts-zip>sun-rest-binding.jar</artifacts-zip>
                <component-name>sun-rest-binding</component-name>
            </target>
        </service-unit>
    </service-assembly>
</jbi>
