<?xml version="1.0" encoding="UTF-8" standalone="no"?>
<component-info-list>
    <component-info>
        <description>This is a pojo service engine.</description>
        <name>openesb-pojo-engine</name>
        <state>Installed</state>
        <type>engine</type>
    </component-info>
    <component-info>
        <description>HTTP Soap Binding to send SOAP messages e.g. to and from BPEL service engine.</description>
        <name>sun-http-binding</name>
        <state>Installed</state>
        <type>binding</type>
    </component-info>
    <component-info>
        <description>This is a bpel service engine.</description>
        <name>sun-bpel-engine</name>
        <state>Installed</state>
        <type>engine</type>
    </component-info>
    <component-info>
        <description>Java EE service engine.</description>
        <name>sun-javaee-engine</name>
        <state>Installed</state>
        <type>engine</type>
    </component-info>
    <component-info>
        <description>This is a xslt service engine.</description>
        <name>sun-xslt-engine</name>
        <state>Installed</state>
        <type>engine</type>
    </component-info>
    <component-info>
        <description>File Binding</description>
        <name>sun-file-binding</name>
        <state>Installed</state>
        <type>binding</type>
    </component-info>
    <component-info>
        <description>HL7 Binding</description>
        <name>sun-hl7-binding</name>
        <state>Installed</state>
        <type>binding</type>
    </component-info>
    <component-info>
        <description>This is a sql service engine.</description>
        <name>sun-sql-engine</name>
        <state>Installed</state>
        <type>engine</type>
    </component-info>
    <component-info>
        <description>Scheduler Binding</description>
        <name>sun-scheduler-binding</name>
        <state>Installed</state>
        <type>binding</type>
    </component-info>
    <component-info>
        <description>This is a edm service engine.</description>
        <name>sun-edm-engine</name>
        <state>Installed</state>
        <type>engine</type>
    </component-info>
    <component-info>
        <description>JMS Binding</description>
        <name>sun-jms-binding</name>
        <state>Installed</state>
        <type>binding</type>
    </component-info>
    <component-info>
        <description>SNMP Binding</description>
        <name>sun-snmp-binding</name>
        <state>Installed</state>
        <type>binding</type>
    </component-info>
    <component-info>
        <description>Email Binding</description>
        <name>sun-email-binding</name>
        <state>Installed</state>
        <type>binding</type>
    </component-info>
    <component-info>
        <description>Database binding</description>
        <name>sun-database-binding</name>
        <state>Installed</state>
        <type>binding</type>
    </component-info>
    <component-info>
        <description>SMTP Binding</description>
        <name>sun-smtp-binding</name>
        <state>Installed</state>
        <type>binding</type>
    </component-info>
    <component-info>
        <description>This is a script service engine.</description>
        <name>sun-script-engine</name>
        <state>Installed</state>
        <type>engine</type>
    </component-info>
    <component-info>
        <description>This is a workflow service engine.</description>
        <name>sun-wlm-engine</name>
        <state>Installed</state>
        <type>engine</type>
    </component-info>
    <component-info>
        <description>This is a iep service engine.</description>
        <name>sun-iep-engine</name>
        <state>Installed</state>
        <type>engine</type>
    </component-info>
    <component-info>
        <description>IMS Binding</description>
        <name>sun-ims-binding</name>
        <state>Installed</state>
        <type>binding</type>
    </component-info>
    <component-info>
        <description>FTP Binding</description>
        <name>sun-ftp-binding</name>
        <state>Installed</state>
        <type>binding</type>
    </component-info>
    <component-info>
        <description>MQ Binding</description>
        <name>sun-webspheremq-binding</name>
        <state>Installed</state>
        <type>binding</type>
    </component-info>
    <component-info>
        <description>CICS Binding</description>
        <name>jbi4cics</name>
        <state>Installed</state>
        <type>binding</type>
    </component-info>
    <component-info>
        <description>This is a etl service engine.</description>
        <name>sun-etl-engine</name>
        <state>Installed</state>
        <type>engine</type>
    </component-info>
    <component-info>
        <description>EJB Binding</description>
        <name>jbi4ejb</name>
        <state>Installed</state>
        <type>binding</type>
    </component-info>
    <component-info>
        <description>LDAP binding</description>
        <name>sun-ldap-binding</name>
        <state>Installed</state>
        <type>binding</type>
    </component-info>
    <component-info>
        <description>CORBA Binding</description>
        <name>jbi4corba</name>
        <state>Installed</state>
        <type>binding</type>
    </component-info>
    <component-info>
        <description>REST Binding</description>
        <name>sun-rest-binding</name>
        <state>Installed</state>
        <type>Binding</type>
    </component-info>
</component-info-list>
