<?xml version="1.0" encoding="UTF-8"?>
<project-private xmlns="http://www.netbeans.org/ns/project-private/1">
    <editor-bookmarks xmlns="http://www.netbeans.org/ns/editor-bookmarks/2" lastBookmarkId="0"/>
    <open-files xmlns="http://www.netbeans.org/ns/projectui-open-files/1">
        <file>file:/C:/Users/famous/Desktop/plantillas-sw04/OrdenCompraSincrona/OrdenCompraSincronaApplication/src/conf/OrdenCompraSincronaApplication.casa</file>
        <file>file:/C:/Users/famous/Desktop/plantillas-sw04/OrdenCompraSincrona/OrdenCompraSincronaApplication/test/TestExito/Input.xml</file>
        <file>file:/C:/Users/famous/Desktop/plantillas-sw04/OrdenCompraSincrona/OrdenCompraSincronaApplication/test/TestExito/Output.xml</file>
        <file>file:/C:/Users/famous/Desktop/plantillas-sw04/OrdenCompraSincrona/OrdenCompraSincronaApplication/nbproject/build-impl.xml</file>
    </open-files>
</project-private>
